GLNumber,Comments,Description,FSfunction,RatioCode,GLLevel,RatioCodeDesc,coaddress1,coaddress2,cocity,costate,cozip,CompanyName,DrCrAcct,SubtotalGLNumber,Inactive,HideInactive
1000,,ASSETS,Balance Sheet,,0,,2575 Doswell Ave.,,Saint Paul,MN,55108-1520,Quality Metals,D,1000,False,False
1001,,CURRENT ASSETS,Balance Sheet,,0,,2575 Doswell Ave.,,Saint Paul,MN,55108-1520,Quality Metals,D,1001,False,False
1015,,Cash in Bank (Q M Fund),Balance Sheet,,1,,2575 Doswell Ave.,,Saint Paul,MN,55108-1520,Quality Metals,D,1050,False,False
1020,,Cash in Bank (Cash Reversing Entries),Balance Sheet,,1,,2575 Doswell Ave.,,Saint Paul,MN,55108-1520,Quality Metals,D,1050,False,False
1021,,Cash in Bank (Wells Fargo),Balance Sheet,,1,,2575 Doswell Ave.,,Saint Paul,MN,55108-1520,Quality Metals,D,1050,False,False
1022,,Cash in Bank (Petty Cash),Balance Sheet,,1,,2575 Doswell Ave.,,Saint Paul,MN,55108-1520,Quality Metals,D,1050,False,False
1030,,Cash in Bank (Payroll),Balance Sheet,,1,,2575 Doswell Ave.,,Saint Paul,MN,55108-1520,Quality Metals,D,1050,False,False
1050,,Total Cash,Balance Sheet,,2,,2575 Doswell Ave.,,Saint Paul,MN,55108-1520,Quality Metals,D,1399,False,False
1100,,A / R - Standard Product,Balance Sheet,,1,,2575 Doswell Ave.,,Saint Paul,MN,55108-1520,Quality Metals,D,1115,False,False
1101,,A / R - Misc Deposits,Balance Sheet,,1,,2575 Doswell Ave.,,Saint Paul,MN,55108-1520,Quality Metals,D,1115,False,False
1102,,A / R - Other,Balance Sheet,,1,,2575 Doswell Ave.,,Saint Paul,MN,55108-1520,Quality Metals,D,1115,False,False
1103,,A / R - Scrap Sales,Balance Sheet,,1,,2575 Doswell Ave.,,Saint Paul,MN,55108-1520,Quality Metals,D,1115,False,False
1104,,A / R - Bids Receivable,Balance Sheet,,1,,2575 Doswell Ave.,,Saint Paul,MN,55108-1520,Quality Metals,D,1115,False,False
1110,,A / R - Bad Debt Reserve,Balance Sheet,,1,,2575 Doswell Ave.,,Saint Paul,MN,55108-1520,Quality Metals,D,1115,False,False
1115,,Total A/R,P & L,,2,,2575 Doswell Ave.,,Saint Paul,MN,55108-1520,Quality Metals,D,1399,False,False
1220,,Prepaid Expenses,Balance Sheet,,1,,2575 Doswell Ave.,,Saint Paul,MN,55108-1520,Quality Metals,D,1220,False,False
1221,,Vendor Deposits,Balance Sheet,,1,,2575 Doswell Ave.,,Saint Paul,MN,55108-1520,Quality Metals,D,1221,False,False
1230,,Sub-S Tax Deposit (Federal),Balance Sheet,,1,,2575 Doswell Ave.,,Saint Paul,MN,55108-1520,Quality Metals,D,1230,False,False
1231,,Employee Advances,Balance Sheet,,1,,2575 Doswell Ave.,,Saint Paul,MN,55108-1520,Quality Metals,D,1231,False,False
1300,,Inventory (Merchandise),Balance Sheet,,1,,2575 Doswell Ave.,,Saint Paul,MN,55108-1520,Quality Metals,D,1300,False,False
1302,,Inventory (Process Costs),Balance Sheet,,1,,2575 Doswell Ave.,,Saint Paul,MN,55108-1520,Quality Metals,D,1302,False,False
1303,,Inventory (Obsolescence),Balance Sheet,,1,,2575 Doswell Ave.,,Saint Paul,MN,55108-1520,Quality Metals,D,1303,False,False
1304,,Inventory (Other),Balance Sheet,,1,,2575 Doswell Ave.,,Saint Paul,MN,55108-1520,Quality Metals,D,1304,False,False
1305,,Inventory Valuation Res,Balance Sheet,,1,,2575 Doswell Ave.,,Saint Paul,MN,55108-1520,Quality Metals,D,1305,False,False
1399,,Total Current Assets,Balance Sheet,,3,,2575 Doswell Ave.,,Saint Paul,MN,55108-1520,Quality Metals,D,1399,False,False
1400,,FIXED ASSETS,Balance Sheet,,0,,2575 Doswell Ave.,,Saint Paul,MN,55108-1520,Quality Metals,D,1400,False,False
1510,,Building,Balance Sheet,,1,,2575 Doswell Ave.,,Saint Paul,MN,55108-1520,Quality Metals,D,1510,False,False
1520,,Construction in Progress,Balance Sheet,,1,,2575 Doswell Ave.,,Saint Paul,MN,55108-1520,Quality Metals,D,1520,False,False
1530,,Land,Balance Sheet,,1,,2575 Doswell Ave.,,Saint Paul,MN,55108-1520,Quality Metals,D,1530,False,False
1550,,Equipment Lease,Balance Sheet,,1,,2575 Doswell Ave.,,Saint Paul,MN,55108-1520,Quality Metals,D,1899,False,False
1560,,Equipment,Balance Sheet,,1,,2575 Doswell Ave.,,Saint Paul,MN,55108-1520,Quality Metals,D,1560,False,False
1570,,Auto and Truck,Balance Sheet,,1,,2575 Doswell Ave.,,Saint Paul,MN,55108-1520,Quality Metals,D,1570,False,False
1580,,Accumulated Depreciation (Buildings),Balance Sheet,,1,,2575 Doswell Ave.,,Saint Paul,MN,55108-1520,Quality Metals,D,1580,False,False
1581,,Accumulated Depreciation (Equipment),Balance Sheet,,1,,2575 Doswell Ave.,,Saint Paul,MN,55108-1520,Quality Metals,D,1581,False,False
1582,,Accumulated Depreciation (Auto & Truck),Balance Sheet,,1,,2575 Doswell Ave.,,Saint Paul,MN,55108-1520,Quality Metals,D,1582,False,False
1680,,Accumulated Depreciation (Land Improv),Balance Sheet,,1,,2575 Doswell Ave.,,Saint Paul,MN,55108-1520,Quality Metals,D,1680,False,False
1899,,Total Fixed Assets,Balance Sheet,,2,,2575 Doswell Ave.,,Saint Paul,MN,55108-1520,Quality Metals,D,1899,False,False
1905,,Mortgage Costs,Balance Sheet,,1,,2575 Doswell Ave.,,Saint Paul,MN,55108-1520,Quality Metals,D,1905,False,False
1910,,Notes Receivable,Balance Sheet,,1,,2575 Doswell Ave.,,Saint Paul,MN,55108-1520,Quality Metals,D,1910,False,False
1915,,Notes Receivable (Related),Balance Sheet,,1,,2575 Doswell Ave.,,Saint Paul,MN,55108-1520,Quality Metals,D,1915,False,False
1919,,Investments Receivable,Balance Sheet,,1,,2575 Doswell Ave.,,Saint Paul,MN,55108-1520,Quality Metals,D,1919,False,False
1920,,Investment (Property),Balance Sheet,,1,,2575 Doswell Ave.,,Saint Paul,MN,55108-1520,Quality Metals,D,1920,False,False
1921,,Other Investments,Balance Sheet,,1,,2575 Doswell Ave.,,Saint Paul,MN,55108-1520,Quality Metals,D,1921,False,False
1922,,Prepaid Auto Lease,Balance Sheet,,1,,2575 Doswell Ave.,,Saint Paul,MN,55108-1520,Quality Metals,D,1922,False,False
1925,,Cash Value (Life Insurance),Balance Sheet,,1,,2575 Doswell Ave.,,Saint Paul,MN,55108-1520,Quality Metals,D,1925,False,False
1999,,Total Assets,Balance Sheet,,9,,2575 Doswell Ave.,,Saint Paul,MN,55108-1520,Quality Metals,D,1999,False,False
2000,,LIABILITIES AND EQUITY,Balance Sheet,,0,,2575 Doswell Ave.,,Saint Paul,MN,55108-1520,Quality Metals,D,2000,False,False
2010,,Accounts Payable,Balance Sheet,,1,,2575 Doswell Ave.,,Saint Paul,MN,55108-1520,Quality Metals,D,2010,False,False
2011,,Accounts Payable Clearing Acct,Balance Sheet,,1,,2575 Doswell Ave.,,Saint Paul,MN,55108-1520,Quality Metals,D,2011,False,False
2011-1,,Accrued Materials (Rec'd),Balance Sheet,,1,,2575 Doswell Ave.,,Saint Paul,MN,55108-1520,Quality Metals,D,2999,False,False
2011-2,,Accrued Outside Processing Variance,Balance Sheet,,1,,2575 Doswell Ave.,,Saint Paul,MN,55108-1520,Quality Metals,D,2999,False,False
2011-3,,Accrued Freight Costs,Balance Sheet,,1,,2575 Doswell Ave.,,Saint Paul,MN,55108-1520,Quality Metals,D,2999,False,False
2015,,Accrued Misc A/P & Payroll,Balance Sheet,,1,,2575 Doswell Ave.,,Saint Paul,MN,55108-1520,Quality Metals,D,2015,False,False
2020,,Accrued Bonuses,Balance Sheet,,1,,2575 Doswell Ave.,,Saint Paul,MN,55108-1520,Quality Metals,D,2020,False,False
2030,,Customer Deposits,Balance Sheet,,1,,2575 Doswell Ave.,,Saint Paul,MN,55108-1520,Quality Metals,D,2030,False,False
2031,,Accured Charity Reserve,Balance Sheet,,1,,2575 Doswell Ave.,,Saint Paul,MN,55108-1520,Quality Metals,D,2031,False,False
2032,,Accrued Medicare Withholding,Balance Sheet,,1,,2575 Doswell Ave.,,Saint Paul,MN,55108-1520,Quality Metals,D,2032,False,False
2050,,Accrued M.W.H.,Balance Sheet,,1,,2575 Doswell Ave.,,Saint Paul,MN,55108-1520,Quality Metals,D,2050,False,False
2051,,Accrued W.W.H.,Balance Sheet,,1,,2575 Doswell Ave.,,Saint Paul,MN,55108-1520,Quality Metals,D,2051,False,False
2060,,Other Payroll Deductions,Balance Sheet,,1,,2575 Doswell Ave.,,Saint Paul,MN,55108-1520,Quality Metals,D,2060,False,False
2065,,Employee IRA Contributions,Balance Sheet,,1,,2575 Doswell Ave.,,Saint Paul,MN,55108-1520,Quality Metals,D,2065,False,False
2066,,Employer 401(k) Accrual,Balance Sheet,,1,,2575 Doswell Ave.,,Saint Paul,MN,55108-1520,Quality Metals,D,2066,False,False
2070,,Accrued Vacations,Balance Sheet,,1,,2575 Doswell Ave.,,Saint Paul,MN,55108-1520,Quality Metals,D,2070,False,False
2100,,Accrued Federal and State U/C Tax,Balance Sheet,,1,,2575 Doswell Ave.,,Saint Paul,MN,55108-1520,Quality Metals,D,2100,False,False
2119,,Accrued Insurance,Balance Sheet,,1,,2575 Doswell Ave.,,Saint Paul,MN,55108-1520,Quality Metals,D,2119,False,False
2120,,Accrued Minnesota Sales Taxes,Balance Sheet,,1,,2575 Doswell Ave.,,Saint Paul,MN,55108-1520,Quality Metals,D,2120,False,False
2121,,Accrued City of St. Paul Sales Taxes,Balance Sheet,,1,,2575 Doswell Ave.,,Saint Paul,MN,55108-1520,Quality Metals,D,2121,False,False
2122,,Accrued Interest (Other & Related),Balance Sheet,,1,,2575 Doswell Ave.,,Saint Paul,MN,55108-1520,Quality Metals,D,2122,False,False
2123,,Accrued Minn Transit Tax,Balance Sheet,,1,,2575 Doswell Ave.,,Saint Paul,MN,55108-1520,Quality Metals,D,2123,False,False
2130,,Accrued Interest (Wells Fargo),Balance Sheet,,1,,2575 Doswell Ave.,,Saint Paul,MN,55108-1520,Quality Metals,D,2130,False,False
2140,,Accrued Real Estate Taxes,Balance Sheet,,1,,2575 Doswell Ave.,,Saint Paul,MN,55108-1520,Quality Metals,D,2140,False,False
2145,,Accrued Severance Subordinated,Balance Sheet,,1,,2575 Doswell Ave.,,Saint Paul,MN,55108-1520,Quality Metals,D,2145,False,False
2150,,Accrued Severance Unbsubordinated,Balance Sheet,,1,,2575 Doswell Ave.,,Saint Paul,MN,55108-1520,Quality Metals,D,2150,False,False
2152,,Reserve for Contingencies,Balance Sheet,,1,,2575 Doswell Ave.,,Saint Paul,MN,55108-1520,Quality Metals,D,2152,False,False
2500,,Current Maturities of LTD,Balance Sheet,,1,,2575 Doswell Ave.,,Saint Paul,MN,55108-1520,Quality Metals,D,2500,False,False
2510,,Notes Payable - Other,Balance Sheet,,1,,2575 Doswell Ave.,,Saint Paul,MN,55108-1520,Quality Metals,D,2510,False,False
2512,,Notes Payable - Equipment lease,Balance Sheet,,1,,2575 Doswell Ave.,,Saint Paul,MN,55108-1520,Quality Metals,D,2512,False,False
2515,,Notes Payable (Auto),Balance Sheet,,1,,2575 Doswell Ave.,,Saint Paul,MN,55108-1520,Quality Metals,D,2515,False,False
2520,,Notes Payable (Wells Fargo),Balance Sheet,,1,,2575 Doswell Ave.,,Saint Paul,MN,55108-1520,Quality Metals,D,2520,False,False
2530,,Loans Payable (Other & Related),Balance Sheet,,1,,2575 Doswell Ave.,,Saint Paul,MN,55108-1520,Quality Metals,D,2530,False,False
2560,,Deferred Compensation,Balance Sheet,,1,,2575 Doswell Ave.,,Saint Paul,MN,55108-1520,Quality Metals,D,2560,False,False
2565,,Qucoa Inter Company Advance,Balance Sheet,,1,,2575 Doswell Ave.,,Saint Paul,MN,55108-1520,Quality Metals,D,2565,False,False
2999,,Total Liabilities,Balance Sheet,,2,,2575 Doswell Ave.,,Saint Paul,MN,55108-1520,Quality Metals,D,2999,False,False
3000,,EQUITY,Balance Sheet,,0,,2575 Doswell Ave.,,Saint Paul,MN,55108-1520,Quality Metals,D,3000,False,False
3010,,Common Stock,Balance Sheet,,1,,2575 Doswell Ave.,,Saint Paul,MN,55108-1520,Quality Metals,D,3010,False,False
3020,,Capital Contribution in Excess of Par,Balance Sheet,,1,,2575 Doswell Ave.,,Saint Paul,MN,55108-1520,Quality Metals,D,3020,False,False
3098,,Retained Earnings,Balance Sheet,,1,,2575 Doswell Ave.,,Saint Paul,MN,55108-1520,Quality Metals,D,3098,False,False
3099,,Total Equity,Balance Sheet,,2,,2575 Doswell Ave.,,Saint Paul,MN,55108-1520,Quality Metals,D,3099,False,False
3999,,Total Liabilities and Equity,Balance Sheet,,9,,2575 Doswell Ave.,,Saint Paul,MN,55108-1520,Quality Metals,D,3999,False,False
4000,,INCOME,P & L,,0,,2575 Doswell Ave.,,Saint Paul,MN,55108-1520,Quality Metals,D,4000,False,False
4010,,Sales - Std. Products,P & L,,1,,2575 Doswell Ave.,,Saint Paul,MN,55108-1520,Quality Metals,D,4010,False,False
4012,,Sales   Addl Frt Charges,P & L,,1,,2575 Doswell Ave.,,Saint Paul,MN,55108-1520,Quality Metals,D,4012,False,False
4015,,Sales - Outside Processing,P & L,,1,,2575 Doswell Ave.,,Saint Paul,MN,55108-1520,Quality Metals,D,4015,False,False
4017,,Sales - Misc1,P & L,,1,,2575 Doswell Ave.,,Saint Paul,MN,55108-1520,Quality Metals,D,4017,False,False
4018,,Sales - Metro Metals,P & L,,1,,2575 Doswell Ave.,,Saint Paul,MN,55108-1520,Quality Metals,D,4018,False,False
4019,,Sales - Fire Rings,P & L,,1,,2575 Doswell Ave.,,Saint Paul,MN,55108-1520,Quality Metals,D,4019,False,False
4020,,Sales   Silverberg,P & L,,1,,2575 Doswell Ave.,,Saint Paul,MN,55108-1520,Quality Metals,D,4020,False,False
4020-05,,Sales - Scrap,P & L,,1,,2575 Doswell Ave.,,Saint Paul,MN,55108-1520,Quality Metals,D,4020-05,False,False
4050,,Sales - S T S,P & L,,1,,2575 Doswell Ave.,,Saint Paul,MN,55108-1520,Quality Metals,D,4050,False,False
4050-05,,Sales - Schwartzman,P & L,,1,,2575 Doswell Ave.,,Saint Paul,MN,55108-1520,Quality Metals,D,4050-05,False,False
4100,,Sales Disc/Energy Surcharge,P & L,,1,,2575 Doswell Ave.,,Saint Paul,MN,55108-1520,Quality Metals,D,4100,False,False
4110,,Miscellaneous,P & L,,1,,2575 Doswell Ave.,,Saint Paul,MN,55108-1520,Quality Metals,D,4110,False,False
5000,,DIRECT COST,P & L,,0,,2575 Doswell Ave.,,Saint Paul,MN,55108-1520,Quality Metals,D,5000,False,False
5001,,Purchases - Discounts Taken,P & L,,1,,2575 Doswell Ave.,,Saint Paul,MN,55108-1520,Quality Metals,D,5001,False,False
5002,,AP-Gain/Loss on Exchange,P & L,,1,,2575 Doswell Ave.,,Saint Paul,MN,55108-1520,Quality Metals,D,5002,False,False
5003,,Value Adjustment GL,P & L,,1,,2575 Doswell Ave.,,Saint Paul,MN,55108-1520,Quality Metals,D,5003,False,False
5004,,Inventory Adjustment GL,P & L,,1,,2575 Doswell Ave.,,Saint Paul,MN,55108-1520,Quality Metals,D,5004,False,False
5010,,Costs of Goods,P & L,,1,,2575 Doswell Ave.,,Saint Paul,MN,55108-1520,Quality Metals,D,5010,False,False
5011,,Purchases - Supp. Material,P & L,,1,,2575 Doswell Ave.,,Saint Paul,MN,55108-1520,Quality Metals,D,5011,False,False
5012,,Purchases - Monthly Inv. Adj.,P & L,,1,,2575 Doswell Ave.,,Saint Paul,MN,55108-1520,Quality Metals,D,5012,False,False
5012-05,,Purchases Scrap,P & L,,1,,2575 Doswell Ave.,,Saint Paul,MN,55108-1520,Quality Metals,D,5012-05,False,False
5013,,Billing-Gain (CGS Control),P & L,,1,,2575 Doswell Ave.,,Saint Paul,MN,55108-1520,Quality Metals,D,5013,False,False
5014,,Inventory-Inventory Variance GL,P & L,,1,,2575 Doswell Ave.,,Saint Paul,MN,55108-1520,Quality Metals,D,5014,False,False
5015,,Purchases - Inventory Claims,P & L,,1,,2575 Doswell Ave.,,Saint Paul,MN,55108-1520,Quality Metals,D,5015,False,False
5020,,Purchases - Outside Process,P & L,,1,,2575 Doswell Ave.,,Saint Paul,MN,55108-1520,Quality Metals,D,5020,False,False
5021,,Outside Process Variance GL,P & L,,1,,2575 Doswell Ave.,,Saint Paul,MN,55108-1520,Quality Metals,D,5021,False,False
5030,,Internal Processing Costs,P & L,,1,,2575 Doswell Ave.,,Saint Paul,MN,55108-1520,Quality Metals,D,5030,False,False
5030-05,,Scrap - Misc1,P & L,,1,,2575 Doswell Ave.,,Saint Paul,MN,55108-1520,Quality Metals,D,5030-05,False,False
5031,,Process Variance GL,P & L,,1,,2575 Doswell Ave.,,Saint Paul,MN,55108-1520,Quality Metals,D,5031,False,False
5031-05,,Scrap - Misc2,P & L,,1,,2575 Doswell Ave.,,Saint Paul,MN,55108-1520,Quality Metals,D,5031-05,False,False
5035,,Inv Valuation Adjust,P & L,,1,,2575 Doswell Ave.,,Saint Paul,MN,55108-1520,Quality Metals,D,5035,False,False
5040,,Freight In,P & L,,1,,2575 Doswell Ave.,,Saint Paul,MN,55108-1520,Quality Metals,D,5040,False,False
5041,,Freight Out,P & L,,1,,2575 Doswell Ave.,,Saint Paul,MN,55108-1520,Quality Metals,D,5041,False,False
5041-05,,Scrap-Freight Out,P & L,,1,,2575 Doswell Ave.,,Saint Paul,MN,55108-1520,Quality Metals,D,5041-05,False,False
5042,,Freight Variance GL,P & L,,1,,2575 Doswell Ave.,,Saint Paul,MN,55108-1520,Quality Metals,D,5042,False,False
5099,,Total Direct Cost,P & L,,2,,2575 Doswell Ave.,,Saint Paul,MN,55108-1520,Quality Metals,D,5099,False,False
5999,,Gross Income From Operations,P & L,,4,,2575 Doswell Ave.,,Saint Paul,MN,55108-1520,Quality Metals,D,5999,False,False
6000,,EXPENSES,P & L,,0,,2575 Doswell Ave.,,Saint Paul,MN,55108-1520,Quality Metals,D,6000,False,False
6010,,Salaries - Officers,P & L,,1,,2575 Doswell Ave.,,Saint Paul,MN,55108-1520,Quality Metals,D,8049,False,False
6010-05,,Salaries - Officers Scrap,P & L,,1,,2575 Doswell Ave.,,Saint Paul,MN,55108-1520,Quality Metals,D,6010-05,False,False
6010-10,,Salaries - Officers Whse,P & L,,1,,2575 Doswell Ave.,,Saint Paul,MN,55108-1520,Quality Metals,D,6010-10,False,False
6010-15,,Salaries - Officers Truck,P & L,,0,,2575 Doswell Ave.,,Saint Paul,MN,55108-1520,Quality Metals,D,6010-15,False,False
6010-30,,Salaries - Officers S&M,P & L,,1,,2575 Doswell Ave.,,Saint Paul,MN,55108-1520,Quality Metals,D,6010-30,False,False
6010-40,,Salaries - Officers TOTAL (G&A),P & L,,1,,2575 Doswell Ave.,,Saint Paul,MN,55108-1520,Quality Metals,D,6010-40,False,False
6020,,Salaries - Special,P & L,,1,,2575 Doswell Ave.,,Saint Paul,MN,55108-1520,Quality Metals,D,6020,False,False
6020-05,,Salaries - Special Scrap,P & L,,1,,2575 Doswell Ave.,,Saint Paul,MN,55108-1520,Quality Metals,D,6020-05,False,False
6020-10,,Salaries - Salaried Whse,P & L,,1,,2575 Doswell Ave.,,Saint Paul,MN,55108-1520,Quality Metals,D,8049,False,False
6020-15,,Salaries - Salaried Truck,P & L,,1,,2575 Doswell Ave.,,Saint Paul,MN,55108-1520,Quality Metals,D,6020-15,False,False
6020-30,,Salaries - Salaried Sales,P & L,,1,,2575 Doswell Ave.,,Saint Paul,MN,55108-1520,Quality Metals,D,8049-30,False,False
6020-40,,Salaries - Salaried Admin,P & L,,1,,2575 Doswell Ave.,,Saint Paul,MN,55108-1520,Quality Metals,D,8049-40,False,False
6030,,Salaries - Regular,P & L,,1,,2575 Doswell Ave.,,Saint Paul,MN,55108-1520,Quality Metals,D,6030,False,False
6030-05,,Salaries - Regular Scrap,P & L,,1,,2575 Doswell Ave.,,Saint Paul,MN,55108-1520,Quality Metals,D,6030-05,False,False
6030-10,,Salaries - Hourly Warehouse,P & L,,1,,2575 Doswell Ave.,,Saint Paul,MN,55108-1520,Quality Metals,D,6030-10,False,False
6030-15,,Salaries - Hourly Trucking,P & L,,1,,2575 Doswell Ave.,,Saint Paul,MN,55108-1520,Quality Metals,D,6030-15,False,False
6035,,Deferred Compensation Expense,P & L,,1,,2575 Doswell Ave.,,Saint Paul,MN,55108-1520,Quality Metals,D,6035,False,False
6035-05,,Deferred Comp. Exp. - Scrap,P & L,,0,,2575 Doswell Ave.,,Saint Paul,MN,55108-1520,Quality Metals,D,6035-05,False,False
6035-40,,Deferred Comp. Exp. - G&A,P & L,,1,,2575 Doswell Ave.,,Saint Paul,MN,55108-1520,Quality Metals,D,6035-40,False,False
6040,,QM Fund - Contributions,P & L,,1,,2575 Doswell Ave.,,Saint Paul,MN,55108-1520,Quality Metals,D,6040,False,False
6041-40,,Charitable Contributions,P & L,,1,,2575 Doswell Ave.,,Saint Paul,MN,55108-1520,Quality Metals,D,6041-40,False,False
6050,,Audit Fees,P & L,,1,,2575 Doswell Ave.,,Saint Paul,MN,55108-1520,Quality Metals,D,6050,False,False
6050-40,,Audit Fees - G&A,P & L,,1,,2575 Doswell Ave.,,Saint Paul,MN,55108-1520,Quality Metals,D,6050-40,False,False
6055-05,,Other Prof Fees - Scrap,P & L,,1,,2575 Doswell Ave.,,Saint Paul,MN,55108-1520,Quality Metals,D,6055-05,False,False
6055-10,,Other Prof Fees - Warehouse,P & L,,1,,2575 Doswell Ave.,,Saint Paul,MN,55108-1520,Quality Metals,D,6055-10,False,False
6055-30,,Other Prof Fees - Marketing,P & L,,1,,2575 Doswell Ave.,,Saint Paul,MN,55108-1520,Quality Metals,D,6055-30,False,False
6055-40,,Other Prof Fees - G&A,P & L,,1,,2575 Doswell Ave.,,Saint Paul,MN,55108-1520,Quality Metals,D,6055-40,False,False
6060-05,,Legal - Scrap,P & L,,1,,2575 Doswell Ave.,,Saint Paul,MN,55108-1520,Quality Metals,D,6060-05,False,False
6060-40,,Legal - G&A,P & L,,1,,2575 Doswell Ave.,,Saint Paul,MN,55108-1520,Quality Metals,D,6060-40,False,False
6090,,State of Minnesota - Minimum fee,P & L,,1,,2575 Doswell Ave.,,Saint Paul,MN,55108-1520,Quality Metals,D,6090,False,False
6090-40,,State of MN (min. fee)-G&A,P & L,,1,,2575 Doswell Ave.,,Saint Paul,MN,55108-1520,Quality Metals,D,6090-40,False,False
6100,,Truck Expense,P & L,,1,,2575 Doswell Ave.,,Saint Paul,MN,55108-1520,Quality Metals,D,6100,False,False
6110,,Auto Expense,P & L,,1,,2575 Doswell Ave.,,Saint Paul,MN,55108-1520,Quality Metals,D,6110,False,False
6110-05,,Auto Expense-Scrap,P & L,,1,,2575 Doswell Ave.,,Saint Paul,MN,55108-1520,Quality Metals,D,6110-05,False,False
6110-10,,Auto Expense-Warehouse,P & L,,1,,2575 Doswell Ave.,,Saint Paul,MN,55108-1520,Quality Metals,D,6110-10,False,False
6110-15,,Auto Expense-Trkg Fuel,P & L,,1,,2575 Doswell Ave.,,Saint Paul,MN,55108-1520,Quality Metals,D,6110-15,False,False
6110-30,,Auto Expense-S&M,P & L,,1,,2575 Doswell Ave.,,Saint Paul,MN,55108-1520,Quality Metals,D,6110-30,False,False
6110-40,,Auto Expense-G&A,P & L,,1,,2575 Doswell Ave.,,Saint Paul,MN,55108-1520,Quality Metals,D,6110-40,False,False
6130,,Bad Debts,P & L,,1,,2575 Doswell Ave.,,Saint Paul,MN,55108-1520,Quality Metals,D,6130,False,False
6130-40,,Bad Debts - G&A,P & L,,1,,2575 Doswell Ave.,,Saint Paul,MN,55108-1520,Quality Metals,D,6130-40,False,False
6160,,Bank Charges,P & L,,1,,2575 Doswell Ave.,,Saint Paul,MN,55108-1520,Quality Metals,D,6160,False,False
6160-40,,Bank Charges - G&A,P & L,,1,,2575 Doswell Ave.,,Saint Paul,MN,55108-1520,Quality Metals,D,6160-40,False,False
6170-30,,Bank Card Charges (Elan),P & L,,1,,2575 Doswell Ave.,,Saint Paul,MN,55108-1520,Quality Metals,D,6170-30,False,False
6220,,Collection Fees,P & L,,1,,2575 Doswell Ave.,,Saint Paul,MN,55108-1520,Quality Metals,D,6220,False,False
6220-40,,Collection Fees - G&A,P & L,,1,,2575 Doswell Ave.,,Saint Paul,MN,55108-1520,Quality Metals,D,6220-40,False,False
6300,,Contract Labor - Warehouse Expense,P & L,,1,,2575 Doswell Ave.,,Saint Paul,MN,55108-1520,Quality Metals,D,6300,False,False
6300-05,,Contract Labor - Scrap,P & L,,1,,2575 Doswell Ave.,,Saint Paul,MN,55108-1520,Quality Metals,D,6300-05,False,False
6300-10,,Contract Labor - Warehouse,P & L,,1,,2575 Doswell Ave.,,Saint Paul,MN,55108-1520,Quality Metals,D,6300-10,False,False
6305,,Contract Labor - Office Expense,P & L,,1,,2575 Doswell Ave.,,Saint Paul,MN,55108-1520,Quality Metals,D,6305,False,False
6305-40,,Contract Labor-Office (G&A),P & L,,1,,2575 Doswell Ave.,,Saint Paul,MN,55108-1520,Quality Metals,D,6305-40,False,False
6320,,Credit Reports,P & L,,1,,2575 Doswell Ave.,,Saint Paul,MN,55108-1520,Quality Metals,D,6320,False,False
6320-40,,Credit Reports - G&A,P & L,,1,,2575 Doswell Ave.,,Saint Paul,MN,55108-1520,Quality Metals,D,6320-40,False,False
6360,,Depreciation,P & L,,1,,2575 Doswell Ave.,,Saint Paul,MN,55108-1520,Quality Metals,D,6360,False,False
6360-05,,Depreciation - Scrap,P & L,,1,,2575 Doswell Ave.,,Saint Paul,MN,55108-1520,Quality Metals,D,6360-05,False,False
6360-10,,Depreciation - Warehouse,P & L,,1,,2575 Doswell Ave.,,Saint Paul,MN,55108-1520,Quality Metals,D,6360-10,False,False
6360-15,,Depreciation - Trucking,P & L,,1,,2575 Doswell Ave.,,Saint Paul,MN,55108-1520,Quality Metals,D,6360-15,False,False
6360-30,,Depreciation - S&M,P & L,,1,,2575 Doswell Ave.,,Saint Paul,MN,55108-1520,Quality Metals,D,6360-30,False,False
6360-40,,Depreciation - TOTAL (G&A),P & L,,1,,2575 Doswell Ave.,,Saint Paul,MN,55108-1520,Quality Metals,D,6360-40,False,False
6410,,Duty - Import Expenses,P & L,,1,,2575 Doswell Ave.,,Saint Paul,MN,55108-1520,Quality Metals,D,6410,False,False
6410-05,,Duty - Import Expenses Scrap,P & L,,1,,2575 Doswell Ave.,,Saint Paul,MN,55108-1520,Quality Metals,D,6410-05,False,False
6410-10,,Duty - Import Expenses Warehouse,P & L,,1,,2575 Doswell Ave.,,Saint Paul,MN,55108-1520,Quality Metals,D,6410-10,False,False
6480,,Insurance - General,P & L,,1,,2575 Doswell Ave.,,Saint Paul,MN,55108-1520,Quality Metals,D,6480,False,False
6480-05,,Insurance - General-Scrap,P & L,,1,,2575 Doswell Ave.,,Saint Paul,MN,55108-1520,Quality Metals,D,6480-05,False,False
6480-10,,Insurance - General-Warehouse,P & L,,1,,2575 Doswell Ave.,,Saint Paul,MN,55108-1520,Quality Metals,D,6480-10,False,False
6480-15,,Insurance - General-Trucking,P & L,,1,,2575 Doswell Ave.,,Saint Paul,MN,55108-1520,Quality Metals,D,6480-15,False,False
6480-30,,Insurance - General-S&M,P & L,,1,,2575 Doswell Ave.,,Saint Paul,MN,55108-1520,Quality Metals,D,6480-30,False,False
6480-40,,Insurance-General TOTAL(G&A),P & L,,1,,2575 Doswell Ave.,,Saint Paul,MN,55108-1520,Quality Metals,D,6480-40,False,False
6481,,Insurance - Officers Life,P & L,,1,,2575 Doswell Ave.,,Saint Paul,MN,55108-1520,Quality Metals,D,6481,False,False
6481-40,,Insurance - OfficerLife G&A,P & L,,1,,2575 Doswell Ave.,,Saint Paul,MN,55108-1520,Quality Metals,D,6481-40,False,False
6500,,Employee Benefits,P & L,,1,,2575 Doswell Ave.,,Saint Paul,MN,55108-1520,Quality Metals,D,6500,False,False
6500-05,,Grp Ins / 401k - Scrap,P & L,,1,,2575 Doswell Ave.,,Saint Paul,MN,55108-1520,Quality Metals,D,6500-05,False,False
6500-10,,Grp Ins / 401k - Whse,P & L,,1,,2575 Doswell Ave.,,Saint Paul,MN,55108-1520,Quality Metals,D,6500-10,False,False
6500-15,,Grp Ins / 401k - Trucking,P & L,,1,,2575 Doswell Ave.,,Saint Paul,MN,55108-1520,Quality Metals,D,6500-15,False,False
6500-30,,Grp Ins / 401k - Sales,P & L,,1,,2575 Doswell Ave.,,Saint Paul,MN,55108-1520,Quality Metals,D,6500-30,False,False
6500-40,,Grp Ins / 401k - G & A,P & L,,1,,2575 Doswell Ave.,,Saint Paul,MN,55108-1520,Quality Metals,D,6500-40,False,False
6560,,Licenses and Permits,P & L,,1,,2575 Doswell Ave.,,Saint Paul,MN,55108-1520,Quality Metals,D,6560,False,False
6560-05,,Licenses and Permits-Scrap,P & L,,1,,2575 Doswell Ave.,,Saint Paul,MN,55108-1520,Quality Metals,D,6560-05,False,False
6560-10,,Licenses and Permits-Warehouse,P & L,,1,,2575 Doswell Ave.,,Saint Paul,MN,55108-1520,Quality Metals,D,6560-10,False,False
6560-15,,Licenses and Permits-Trucking,P & L,,1,,2575 Doswell Ave.,,Saint Paul,MN,55108-1520,Quality Metals,D,6560-15,False,False
6560-30,,Licenses and Permits-S&M,P & L,,1,,2575 Doswell Ave.,,Saint Paul,MN,55108-1520,Quality Metals,D,6560-30,False,False
6560-40,,Licenses & Permits-G&A,P & L,,1,,2575 Doswell Ave.,,Saint Paul,MN,55108-1520,Quality Metals,D,6560-40,False,False
6620,,Office,P & L,,1,,2575 Doswell Ave.,,Saint Paul,MN,55108-1520,Quality Metals,D,6620,False,False
6620-30,,Office Supplies - S&M,P & L,,1,,2575 Doswell Ave.,,Saint Paul,MN,55108-1520,Quality Metals,D,6620-30,False,False
6620-40,,Office Supplies - G&A,P & L,,1,,2575 Doswell Ave.,,Saint Paul,MN,55108-1520,Quality Metals,D,6620-40,False,False
6710,,"Plans, Specifications and Bids",P & L,,1,,2575 Doswell Ave.,,Saint Paul,MN,55108-1520,Quality Metals,D,6710,False,False
6710-30,,"Plans, Spec., & Bids - S&M",P & L,,1,,2575 Doswell Ave.,,Saint Paul,MN,55108-1520,Quality Metals,D,6710-30,False,False
6800,,Selling and Promotion,P & L,,1,,2575 Doswell Ave.,,Saint Paul,MN,55108-1520,Quality Metals,D,6800,False,False
6800-05,,Selling and Promotion - Scrap,P & L,,1,,2575 Doswell Ave.,,Saint Paul,MN,55108-1520,Quality Metals,D,6800-05,False,False
6800-10,,Selling and Promotion - Warehouse,P & L,,1,,2575 Doswell Ave.,,Saint Paul,MN,55108-1520,Quality Metals,D,6800-10,False,False
6800-30,,Selling and Promotion - S&M,P & L,,1,,2575 Doswell Ave.,,Saint Paul,MN,55108-1520,Quality Metals,D,6800-30,False,False
6800-40,,Selling and Promotion - G&A,P & L,,1,,2575 Doswell Ave.,,Saint Paul,MN,55108-1520,Quality Metals,D,6800-40,False,False
6805-05,,Travel (Lodging/Airfare)-Scrap,P & L,,1,,2575 Doswell Ave.,,Saint Paul,MN,55108-1520,Quality Metals,D,6805-05,False,False
6805-10,,Travel (Lodging/Airfare)-Warehouse,P & L,,1,,2575 Doswell Ave.,,Saint Paul,MN,55108-1520,Quality Metals,D,6805-10,False,False
6805-15,,Travel (Lodging/Airfare)-Trucking,P & L,,1,,2575 Doswell Ave.,,Saint Paul,MN,55108-1520,Quality Metals,D,6805-15,False,False
6805-30,,Travel (Lodging/Airfare)-S&M,P & L,,1,,2575 Doswell Ave.,,Saint Paul,MN,55108-1520,Quality Metals,D,6805-30,False,False
6805-40,,Travel (Lodging/Airfare)-G&A,P & L,,1,,2575 Doswell Ave.,,Saint Paul,MN,55108-1520,Quality Metals,D,6805-40,False,False
6810,,Commissions,P & L,,1,,2575 Doswell Ave.,,Saint Paul,MN,55108-1520,Quality Metals,D,6810,False,False
6810-05,,Commissions - Scrap,P & L,,1,,2575 Doswell Ave.,,Saint Paul,MN,55108-1520,Quality Metals,D,6810-05,False,False
6810-30,,Commissions - S&M,P & L,,1,,2575 Doswell Ave.,,Saint Paul,MN,55108-1520,Quality Metals,D,6810-30,False,False
6820-40,,Meals,P & L,,1,,2575 Doswell Ave.,,Saint Paul,MN,55108-1520,Quality Metals,D,7999,False,False
6880,,Repair and Maintenance,P & L,,1,,2575 Doswell Ave.,,Saint Paul,MN,55108-1520,Quality Metals,D,6880,False,False
6880-05,,Repair and Maintenance-Scrap,P & L,,1,,2575 Doswell Ave.,,Saint Paul,MN,55108-1520,Quality Metals,D,6880-05,False,False
6880-10,,Repair and Maintenance-Warehouse,P & L,,1,,2575 Doswell Ave.,,Saint Paul,MN,55108-1520,Quality Metals,D,6880-10,False,False
6880-15,,Repair and Maintenance-Trucking,P & L,,1,,2575 Doswell Ave.,,Saint Paul,MN,55108-1520,Quality Metals,D,6880-15,False,False
6880-30,,Repair and Maintenance-S&M,P & L,,1,,2575 Doswell Ave.,,Saint Paul,MN,55108-1520,Quality Metals,D,6880-30,False,False
6880-40,,Repair and Maintenance-G&A,P & L,,1,,2575 Doswell Ave.,,Saint Paul,MN,55108-1520,Quality Metals,D,6880-40,False,False
6890-05,,Miscellaneous - Scrap,P & L,,1,,2575 Doswell Ave.,,Saint Paul,MN,55108-1520,Quality Metals,D,6890-05,False,False
6890-10,,Miscellaneous - Warehouse,P & L,,1,,2575 Doswell Ave.,,Saint Paul,MN,55108-1520,Quality Metals,D,6890-10,False,False
6890-15,,Miscellaneous - Trucking,P & L,,1,,2575 Doswell Ave.,,Saint Paul,MN,55108-1520,Quality Metals,D,6890-15,False,False
6890-30,,Miscellaneous - S&M,P & L,,1,,2575 Doswell Ave.,,Saint Paul,MN,55108-1520,Quality Metals,D,6890-30,False,False
6890-40,,Miscellaneous - G&A,P & L,,1,,2575 Doswell Ave.,,Saint Paul,MN,55108-1520,Quality Metals,D,6890-40,False,False
6980,,Supplies,P & L,,1,,2575 Doswell Ave.,,Saint Paul,MN,55108-1520,Quality Metals,D,6980,False,False
6980-05,,Supplies - Scrap,P & L,,1,,2575 Doswell Ave.,,Saint Paul,MN,55108-1520,Quality Metals,D,6980-05,False,False
6980-10,,Supplies - Warehouse,P & L,,1,,2575 Doswell Ave.,,Saint Paul,MN,55108-1520,Quality Metals,D,6980-10,False,False
6980-15,,Supplies - Trucking,P & L,,1,,2575 Doswell Ave.,,Saint Paul,MN,55108-1520,Quality Metals,D,6980-15,False,False
6980-30,,Supplies - S&M,P & L,,1,,2575 Doswell Ave.,,Saint Paul,MN,55108-1520,Quality Metals,D,6980-30,False,False
6980-40,,Supplies - G&A,P & L,,1,,2575 Doswell Ave.,,Saint Paul,MN,55108-1520,Quality Metals,D,6980-40,False,False
6981,,Supplies - Warehouse Expensed only,P & L,,1,,2575 Doswell Ave.,,Saint Paul,MN,55108-1520,Quality Metals,D,6981,False,False
6982,,Supplies - Safety (office & whse),P & L,,1,,2575 Doswell Ave.,,Saint Paul,MN,55108-1520,Quality Metals,D,6982,False,False
6982-05,,Supplies - Safety only - Scrap,P & L,,1,,2575 Doswell Ave.,,Saint Paul,MN,55108-1520,Quality Metals,D,6982-05,False,False
6982-10,,Supplies - Safety only - Warehouse,P & L,,1,,2575 Doswell Ave.,,Saint Paul,MN,55108-1520,Quality Metals,D,6982-10,False,False
6982-15,,Supplies - Safety only - Trucking,P & L,,1,,2575 Doswell Ave.,,Saint Paul,MN,55108-1520,Quality Metals,D,6982-15,False,False
6982-40,,Supplies - Safety only - G & A,P & L,,1,,2575 Doswell Ave.,,Saint Paul,MN,55108-1520,Quality Metals,D,6982-40,False,False
7010,,Taxes - Payroll,P & L,,1,,2575 Doswell Ave.,,Saint Paul,MN,55108-1520,Quality Metals,D,7010,False,False
7010-05,,Taxes - Payroll - Scrap,P & L,,1,,2575 Doswell Ave.,,Saint Paul,MN,55108-1520,Quality Metals,D,7010-05,False,False
7010-10,,Taxes - Payroll - Warehouse,P & L,,1,,2575 Doswell Ave.,,Saint Paul,MN,55108-1520,Quality Metals,D,7010-10,False,False
7010-15,,Taxes - Payroll - Trucking,P & L,,1,,2575 Doswell Ave.,,Saint Paul,MN,55108-1520,Quality Metals,D,7010-15,False,False
7010-30,,Taxes - Payroll - S&M,P & L,,1,,2575 Doswell Ave.,,Saint Paul,MN,55108-1520,Quality Metals,D,7010-30,False,False
7010-40,,Taxes - Payroll TOTAL (G&A),P & L,,1,,2575 Doswell Ave.,,Saint Paul,MN,55108-1520,Quality Metals,D,7010-40,False,False
7020,,Taxes - Real Estate,P & L,,1,,2575 Doswell Ave.,,Saint Paul,MN,55108-1520,Quality Metals,D,7020,False,False
7020-05,,R.E. & P.P. Taxes - Scrap,P & L,,1,,2575 Doswell Ave.,,Saint Paul,MN,55108-1520,Quality Metals,D,7020-05,False,False
7020-10,,R.E. & P.P. Taxes - Warehouse,P & L,,1,,2575 Doswell Ave.,,Saint Paul,MN,55108-1520,Quality Metals,D,7020-10,False,False
7020-15,,R.E. & P.P. Taxes - Trucking,P & L,,1,,2575 Doswell Ave.,,Saint Paul,MN,55108-1520,Quality Metals,D,7020-15,False,False
7020-30,,R.E. & P.P. Taxes - S&M,P & L,,1,,2575 Doswell Ave.,,Saint Paul,MN,55108-1520,Quality Metals,D,7020-30,False,False
7020-40,,Taxes Real EstateTOTAL(G&A),P & L,,1,,2575 Doswell Ave.,,Saint Paul,MN,55108-1520,Quality Metals,D,7020-40,False,False
7030,,Taxes - Sales,P & L,,1,,2575 Doswell Ave.,,Saint Paul,MN,55108-1520,Quality Metals,D,7030,False,False
7030-05,,Taxes - Sales - ScraP,P & L,,1,,2575 Doswell Ave.,,Saint Paul,MN,55108-1520,Quality Metals,D,7030-05,False,False
7030-10,,Taxes - Sales - Warehouse,P & L,,1,,2575 Doswell Ave.,,Saint Paul,MN,55108-1520,Quality Metals,D,7030-10,False,False
7040-40,,Taxes - MN Sales & Use Tax,P & L,,1,,2575 Doswell Ave.,,Saint Paul,MN,55108-1520,Quality Metals,D,7040-40,False,False
7050,,Federal & Minnesota U/C Fund,P & L,,1,,2575 Doswell Ave.,,Saint Paul,MN,55108-1520,Quality Metals,D,7050,False,False
7050-05,,Fed. & Minn. U/C Fund - Scrap,P & L,,1,,2575 Doswell Ave.,,Saint Paul,MN,55108-1520,Quality Metals,D,7050-05,False,False
7050-10,,Fed. & Minn. U/C Fund - Warehouse,P & L,,1,,2575 Doswell Ave.,,Saint Paul,MN,55108-1520,Quality Metals,D,7050-10,False,False
7050-15,,Fed. & Minn. U/C Fund - Trucking,P & L,,1,,2575 Doswell Ave.,,Saint Paul,MN,55108-1520,Quality Metals,D,7050-15,False,False
7050-30,,Fed. & Minn. U/C Fund - S&M,P & L,,1,,2575 Doswell Ave.,,Saint Paul,MN,55108-1520,Quality Metals,D,7050-30,False,False
7050-40,,Federal & State Taxes (G&A),P & L,,1,,2575 Doswell Ave.,,Saint Paul,MN,55108-1520,Quality Metals,D,7050-40,False,False
7060,,Telephone,P & L,,1,,2575 Doswell Ave.,,Saint Paul,MN,55108-1520,Quality Metals,D,7060,False,False
7060-05,,Telephone - Scrap,P & L,,1,,2575 Doswell Ave.,,Saint Paul,MN,55108-1520,Quality Metals,D,7060-05,False,False
7060-10,,Telephone - Warehouse,P & L,,1,,2575 Doswell Ave.,,Saint Paul,MN,55108-1520,Quality Metals,D,7060-10,False,False
7060-15,,Telephone - Trucking,P & L,,1,,2575 Doswell Ave.,,Saint Paul,MN,55108-1520,Quality Metals,D,7060-15,False,False
7060-30,,Telephone - S&M,P & L,,1,,2575 Doswell Ave.,,Saint Paul,MN,55108-1520,Quality Metals,D,7060-30,False,False
7060-40,,Telephone - TOTAL (G&A),P & L,,1,,2575 Doswell Ave.,,Saint Paul,MN,55108-1520,Quality Metals,D,7060-40,False,False
7120,,Utilities,P & L,,1,,2575 Doswell Ave.,,Saint Paul,MN,55108-1520,Quality Metals,D,7120,False,False
7120-05,,Utilities - Scrap,P & L,,1,,2575 Doswell Ave.,,Saint Paul,MN,55108-1520,Quality Metals,D,7120-05,False,False
7120-10,,Utilities - Warehouse,P & L,,1,,2575 Doswell Ave.,,Saint Paul,MN,55108-1520,Quality Metals,D,7120-10,False,False
7120-15,,Utilities - Trucking,P & L,,1,,2575 Doswell Ave.,,Saint Paul,MN,55108-1520,Quality Metals,D,7120-15,False,False
7120-30,,Utilities - S&M,P & L,,1,,2575 Doswell Ave.,,Saint Paul,MN,55108-1520,Quality Metals,D,7120-30,False,False
7120-40,,Utilities - TOTAL (G&A),P & L,,1,,2575 Doswell Ave.,,Saint Paul,MN,55108-1520,Quality Metals,D,7120-40,False,False
7400,,Mail and Postage,P & L,,1,,2575 Doswell Ave.,,Saint Paul,MN,55108-1520,Quality Metals,D,7400,False,False
7400-40,,Mail and Postage - G&A,P & L,,1,,2575 Doswell Ave.,,Saint Paul,MN,55108-1520,Quality Metals,D,7400-40,False,False
7901-40,,Recovery Liab Ins. - G&A,P & L,,1,,2575 Doswell Ave.,,Saint Paul,MN,55108-1520,Quality Metals,D,7901-40,False,False
7902-40,,Recovery R/E & P/P TAX-G&A,P & L,,1,,2575 Doswell Ave.,,Saint Paul,MN,55108-1520,Quality Metals,D,7902-40,False,False
7903-40,,Recovery Group Ins - G&A,P & L,,1,,2575 Doswell Ave.,,Saint Paul,MN,55108-1520,Quality Metals,D,7903-40,False,False
7904-40,,Recovery Utilities - G&A,P & L,,1,,2575 Doswell Ave.,,Saint Paul,MN,55108-1520,Quality Metals,D,7904-40,False,False
7905-40,,Recovery Telephone - G&A,P & L,,1,,2575 Doswell Ave.,,Saint Paul,MN,55108-1520,Quality Metals,D,7905-40,False,False
7906-40,,Recovery Fed & MN U/C Fnd-G&A,P & L,,1,,2575 Doswell Ave.,,Saint Paul,MN,55108-1520,Quality Metals,D,7906-40,False,False
7907-40,,Recovery Depreciation - G&A,P & L,,1,,2575 Doswell Ave.,,Saint Paul,MN,55108-1520,Quality Metals,D,7907-40,False,False
7908-40,,Recovery Auto Expense - G&A,P & L,,1,,2575 Doswell Ave.,,Saint Paul,MN,55108-1520,Quality Metals,D,7908-40,False,False
7909-40,,Recovery Payroll Taxes G&A,P & L,,1,,2575 Doswell Ave.,,Saint Paul,MN,55108-1520,Quality Metals,D,7909-40,False,False
7913-40,,Recovery Officer Salary-G&A,P & L,,1,,2575 Doswell Ave.,,Saint Paul,MN,55108-1520,Quality Metals,D,7913-40,False,False
7914-40,,Recovery Special Salary-G&A,P & L,,1,,2575 Doswell Ave.,,Saint Paul,MN,55108-1520,Quality Metals,D,7914-40,False,False
7999,,Total Expenses,P & L,,2,,2575 Doswell Ave.,,Saint Paul,MN,55108-1520,Quality Metals,D,7999,False,False
8000,,OTHER INCOME AND EXPENSE,P & L,,0,,2575 Doswell Ave.,,Saint Paul,MN,55108-1520,Quality Metals,D,8000,False,False
8020,,Misc. Income,P & L,,1,,2575 Doswell Ave.,,Saint Paul,MN,55108-1520,Quality Metals,D,8020,False,False
8020-40,,Misc. Income / Expense - G&A,P & L,,1,,2575 Doswell Ave.,,Saint Paul,MN,55108-1520,Quality Metals,D,8020-40,False,False
8040,,Interest Income,P & L,,1,,2575 Doswell Ave.,,Saint Paul,MN,55108-1520,Quality Metals,D,8040,False,False
8040-40,,Interest-Other Exp (Income),P & L,,1,,2575 Doswell Ave.,,Saint Paul,MN,55108-1520,Quality Metals,D,8040-40,False,False
8041,,Finance Charge Income,P & L,,1,,2575 Doswell Ave.,,Saint Paul,MN,55108-1520,Quality Metals,D,8041,False,False
8041-40,,Finance Charge Income - G&A,P & L,,1,,2575 Doswell Ave.,,Saint Paul,MN,55108-1520,Quality Metals,D,8041-40,False,False
8042,,Income Adj. - G & A,P & L,,1,,2575 Doswell Ave.,,Saint Paul,MN,55108-1520,Quality Metals,D,8042,False,False
8042-40,,Income Adj.- G & A,P & L,,1,,2575 Doswell Ave.,,Saint Paul,MN,55108-1520,Quality Metals,D,8042-40,False,False
8043-40,,Qucoa - Interest Income - G&A,P & L,,1,,2575 Doswell Ave.,,Saint Paul,MN,55108-1520,Quality Metals,D,8043-40,False,False
8045,,Interest Expense (Bank),P & L,,1,,2575 Doswell Ave.,,Saint Paul,MN,55108-1520,Quality Metals,D,8045,False,False
8045-05,,Interest Expense (Bank) - Scrap,P & L,,1,,2575 Doswell Ave.,,Saint Paul,MN,55108-1520,Quality Metals,D,8045-05,False,False
8045-10,,Interest Expense (Bank) - Warehouse,P & L,,1,,2575 Doswell Ave.,,Saint Paul,MN,55108-1520,Quality Metals,D,8045-10,False,False
8045-15,,Interest Expense (Bank) - Trucking,P & L,,1,,2575 Doswell Ave.,,Saint Paul,MN,55108-1520,Quality Metals,D,8045-15,False,False
8045-30,,Interest Expense (Bank) - S&M,P & L,,1,,2575 Doswell Ave.,,Saint Paul,MN,55108-1520,Quality Metals,D,8045-30,False,False
8045-40,,Interest Expense (Bank) - TOTAL (G&A),P & L,,1,,2575 Doswell Ave.,,Saint Paul,MN,55108-1520,Quality Metals,D,8045-40,False,False
8046,,Interest Expense (Mortgage),P & L,,1,,2575 Doswell Ave.,,Saint Paul,MN,55108-1520,Quality Metals,D,8046,False,False
8046-05,,Interest Exp (Mortgage) - Scrap,P & L,,1,,2575 Doswell Ave.,,Saint Paul,MN,55108-1520,Quality Metals,D,8046-05,False,False
8046-10,,Interest Exp (Mortgage) - Warehouse,P & L,,1,,2575 Doswell Ave.,,Saint Paul,MN,55108-1520,Quality Metals,D,8046-10,False,False
8046-15,,Interest Exp (Mortgage) - Trucking,P & L,,1,,2575 Doswell Ave.,,Saint Paul,MN,55108-1520,Quality Metals,D,8046-15,False,False
8046-30,,Interest Exp (Mortgage) - S & M,P & L,,1,,2575 Doswell Ave.,,Saint Paul,MN,55108-1520,Quality Metals,D,8046-30,False,False
8046-40,,Interest Exp (Mortgage) - TOTAL (G&A),P & L,,1,,2575 Doswell Ave.,,Saint Paul,MN,55108-1520,Quality Metals,D,8046-40,False,False
8047,,Interest Expense (Related),P & L,,1,,2575 Doswell Ave.,,Saint Paul,MN,55108-1520,Quality Metals,D,8047,False,False
8047-05,,Related Party Interest - Scrap,P & L,,1,,2575 Doswell Ave.,,Saint Paul,MN,55108-1520,Quality Metals,D,8047-05,False,False
8047-10,,Related Party Interest - Warehouse,P & L,,1,,2575 Doswell Ave.,,Saint Paul,MN,55108-1520,Quality Metals,D,8047-10,False,False
8047-15,,Related Party Interest - Trucking,P & L,,1,,2575 Doswell Ave.,,Saint Paul,MN,55108-1520,Quality Metals,D,8047-15,False,False
8047-30,,Related Party Interest - Sales,P & L,,1,,2575 Doswell Ave.,,Saint Paul,MN,55108-1520,Quality Metals,D,8047-30,False,False
8047-40,,Related Party Interest - G & A,P & L,,1,,2575 Doswell Ave.,,Saint Paul,MN,55108-1520,Quality Metals,D,8047-40,False,False
8048,,Interest Expense (Auto Financed),P & L,,1,,2575 Doswell Ave.,,Saint Paul,MN,55108-1520,Quality Metals,D,8048,False,False
8048-05,,InterestExp (Auto Fin)-Scrap,P & L,,1,,2575 Doswell Ave.,,Saint Paul,MN,55108-1520,Quality Metals,D,8048-05,False,False
8048-10,,InterestExp (Auto Fin)-Warehouse,P & L,,1,,2575 Doswell Ave.,,Saint Paul,MN,55108-1520,Quality Metals,D,8048-10,False,False
8048-40,,Interest Exp (Auto.Fin)-G&A,P & L,,1,,2575 Doswell Ave.,,Saint Paul,MN,55108-1520,Quality Metals,D,8048-40,False,False
8049,,Total Production Expenses,P & L,,2,,2575 Doswell Ave.,,Saint Paul,MN,55108-1520,Quality Metals,D,9990,False,False
8049-30,,Total Sales Expenses,P & L,,2,,2575 Doswell Ave.,,Saint Paul,MN,55108-1520,Quality Metals,D,9990,False,False
8049-40,,Total G & A Expenses,P & L,,2,,2575 Doswell Ave.,,Saint Paul,MN,55108-1520,Quality Metals,D,9990,False,False
8049-50,,Total Interest Expenses,P & L,,2,,2575 Doswell Ave.,,Saint Paul,MN,55108-1520,Quality Metals,D,9990,False,False
8050,,Sale of Fixed Assets,P & L,,1,,2575 Doswell Ave.,,Saint Paul,MN,55108-1520,Quality Metals,D,8050,False,False
8050-40,,Gain/Loss on Fixed Assets,P & L,,1,,2575 Doswell Ave.,,Saint Paul,MN,55108-1520,Quality Metals,D,8050-40,False,False
8051,,Real Estate Tax Abatement,P & L,,1,,2575 Doswell Ave.,,Saint Paul,MN,55108-1520,Quality Metals,D,8051,False,False
8055,,Dividends,P & L,,1,,2575 Doswell Ave.,,Saint Paul,MN,55108-1520,Quality Metals,D,8055,False,False
8055-40,,Dividends (Gain on Investment Sale),P & L,,1,,2575 Doswell Ave.,,Saint Paul,MN,55108-1520,Quality Metals,D,8055-40,False,False
8060-40,,Recovery Int.Exp(Bank)-G&A,P & L,,1,,2575 Doswell Ave.,,Saint Paul,MN,55108-1520,Quality Metals,D,8060-40,False,False
8061-40,,Recovery Int.Exp(Mrtg)-G&A,P & L,,1,,2575 Doswell Ave.,,Saint Paul,MN,55108-1520,Quality Metals,D,8061-40,False,False
8062-40,,Recovery Int.(Int'nl)- G&A,P & L,,1,,2575 Doswell Ave.,,Saint Paul,MN,55108-1520,Quality Metals,D,8062-40,False,False
8070,,Penalties,P & L,,1,,2575 Doswell Ave.,,Saint Paul,MN,55108-1520,Quality Metals,D,8070,False,False
8070-10,,Forecasting Adjustment - Whse,P & L,,1,,2575 Doswell Ave.,,Saint Paul,MN,55108-1520,Quality Metals,D,8070-10,False,False
8070-15,,Forecasting Adjustment - Trucking,P & L,,1,,2575 Doswell Ave.,,Saint Paul,MN,55108-1520,Quality Metals,D,8070-15,False,False
8070-30,,Forecasting Adjustment - Sales,P & L,,1,,2575 Doswell Ave.,,Saint Paul,MN,55108-1520,Quality Metals,D,8070-30,False,False
8070-40,,Forecasting Adjustment - G & A,P & L,,1,,2575 Doswell Ave.,,Saint Paul,MN,55108-1520,Quality Metals,D,8070-40,False,False
8099,,Total Other Income & Expense,P & L,,2,,2575 Doswell Ave.,,Saint Paul,MN,55108-1520,Quality Metals,D,8099,False,False
8099-40,,Total Other Income/Exp.-G&A,P & L,,2,,2575 Doswell Ave.,,Saint Paul,MN,55108-1520,Quality Metals,D,8099-40,False,False
9980,,Current Year Disbursements,P & L,,1,,2575 Doswell Ave.,,Saint Paul,MN,55108-1520,Quality Metals,D,9980,False,False
9990,,Total Income,P & L,,6,,2575 Doswell Ave.,,Saint Paul,MN,55108-1520,Quality Metals,D,9990,False,False
